x,y,label
-0.0,0.0,0
0.0003119101784260202,0.002486780975466803,0
-0.001163428564161783,0.00487564398756615,0
-4.3363166708378315e-05,0.007518671947220293,0
0.004738074836018945,0.00883473418490189,0
-0.0033598897261415865,0.012072503075663415,0
0.002215072836486849,0.014873556574862504,0
-0.0034539950368320436,0.01720049213463554,0
0.004902363546583436,0.01944156261043566,0
-0.0003524778638257156,0.022553636808346725,0
0.0011138403242157086,0.025037893634790618,0
0.0008556573295550601,0.02755564057748709,0
-0.004916922848056046,0.02967053759426301,0
-0.00827622845162265,0.03151277778182362,0
4.428791162293274e-05,0.035087691348012075,0
-0.0159771768893012,0.034029950396695985,0
0.000913962284337998,0.04008983378933177,0
-0.0009809420616376586,0.04259522253849227,0
-0.003188458160252827,0.0449999647807586,0
-0.0009404538648588607,0.04760975995185437,0
0.009560335871607217,0.04920515226845468,0
0.011925629573228866,0.05126268098505192,0
0.009031588523441074,0.054393127480853176,0
0.007183072239043422,0.05719481552277709,0
-0.007745576833942559,0.05964959149243801,0
-0.016739718726080734,0.0603791069333181,0
-0.011072774954169145,0.06421524848861447,0
0.019516760172498926,0.06479361880397524,0
0.005107202298206503,0.0699893468100332,0
-0.014852355235046329,0.07114799841320074,0
0.03321165253742418,0.06745529599036568,0
-0.014244053474284615,0.07637736041770801,0
-0.005872156039337772,0.07998523729228682,0
-0.012833751906114141,0.08170498213648775,0
-0.00747135329041601,0.08488486202932574,0
0.0015267879320369348,0.08770601007521418,0
-0.04847532175276807,0.07609727698020739,0
0.006278634479499482,0.0925190302867585,0
0.04187168728740125,0.08553979534863629,0
0.02002884061499757,0.09567029649692439,0
-0.028875967433188914,0.09600190952140698,0
-0.01745301181468313,0.10126386956601466,0
0.0020334422669324847,0.10524351534664429,0
0.007877768930344975,0.10748111187970232,0
-0.015117640086544757,0.10923453937209644,0
0.00018636001822673053,0.11278180091719625,0
0.008888220333916291,0.1149450883561322,0
-0.014426600538863845,0.11690771651039475,0
0.01720605839590038,0.11906394272531809,0
0.017997067269051332,0.12148114721112528,0
0.012089936436964373,0.12472871515943552,0
-0.010727544797193208,0.12736858661582115,0
0.021180693189967622,0.12859314200435873,0
0.029332214419223738,0.12955301126433563,0
0.0036251074730581957,0.13528978696557828,0
-0.009594301721428953,0.13751031343870193,0
-0.025658164544790196,0.13798560548489147,0
0.02276039423531174,0.14103236408555062,0
0.0013839757734937044,0.14535682009451664,0
0.046204237713523,0.1404656860625663,0
-0.015095829820564535,0.14961630662359737,0
-0.002937154462373757,0.152853988781527,0
0.04049742946754795,0.1500184494705234,0
0.03857531728059814,0.15311006766094404,0
-0.0373400732655366,0.15599423237267268,0
0.02935512450866499,0.16024061497582903,0
0.029921619444332616,0.1626847683880529,0
-0.00614338402977546,0.1678073833189769,0
0.029229755312379226,0.1679007596507233,0
0.03815523040695097,0.16867059446707022,0
0.03397386152396642,0.17211762801050418,0
-0.003528995896308017,0.1779098652561573,0
-0.042763565349323955,0.17531082969959744,0
-0.022016993891782966,0.18162780571906387,0
0.010822577578770245,0.18514761861571075,0
0.05092018757138105,0.18094150195998598,0
0.01482757585744958,0.18989818886054066,0
0.028980219249545896,0.19079406508120397,0
-0.07220496968282415,0.18166530407830783,0
0.053689791070224445,0.19057654996760515,0
-0.011609415700218013,0.20016486698453237,0
-0.02963938885202182,0.200832167036533,0
-0.01835798305847525,0.2046922081115203,0
-0.013921115250140047,0.20755371305840367,0
-0.016449605736814383,0.2098826817795898,0
-0.05947740436720891,0.20456128453482772,0
0.04633894599511712,0.21049868574632383,0
0.004956883901033192,0.21798876234817036,0
0.046067344204106166,0.21568660211626953,0
0.03790464011497798,0.21981344557096685,0
-0.001559969761978521,0.22555851543905775,0
0.026805581684330754,0.22648943841856478,0
-0.027028791646231957,0.22898676733330617,0
-0.05658857078361064,0.22610900435511416,0
0.024466795374879915,0.2343150440223906,0
-0.013954264337116785,0.2376859712108352,0
-0.0509507998724658,0.23514484813331502,0
-0.02746336928191969,0.24155154916038768,0
0.04034334201641208,0.24227808193688963,0
-0.04829814104429827,0.2433741424573866,0
0.028281519701483137,0.24902576460452513,0
0.10421225529383568,0.23068601284758336,0
0.07658769261258125,0.243896850401623,0
-0.07053266329349552,0.2483227175633432,0
-0.04863242102463703,0.25607451916097645,0
0.02918986230005228,0.26153399301282204,0
-0.006999519429161616,0.26557193535712764,0
0.058955870257041756,0.26160959993510535,0
-0.030511721464691076,0.26895149432340437,0
-0.010335245409884036,0.2729873823321646,0
-0.09200878941735748,0.2598825318871582,0
-0.012594448453398013,0.2779102549624939,0
-0.08358490240777698,0.26796835448395945,0
-0.043379088182158757,0.2798661060743095,0
0.05763993005707077,0.2798397604420081,0
-0.03750167883950719,0.28577038041251573,0
0.06323280682331803,0.2837669718078024,0
0.006361019720115683,0.2931640807156189,0
-0.07205740115043978,0.28682659066813404,0
0.05227942096495678,0.29362784001987163,0
-0.02969326238950885,0.2992824807958174,0
-0.006398089026725022,0.3031906449514237,0
0.03894098394483623,0.30327458650609695,0
0.07004620263848267,0.3002071611469409,0
0.028815506634564177,0.30943815937513164,0
-0.07446529443486205,0.30430459798048287,0
-0.04074293452112868,0.3131501316882331,0
-0.01960270879241414,0.31769153513325765,0
-0.057631638681924315,0.3155828269137855,0
0.0023411766753198456,0.3232997939679639,0
0.06944594564371151,0.3183274614679907,0
-0.02935896984667988,0.3270055044166021,0
0.03043763941121073,0.3294238892516094,0
0.0899192651059112,0.3209760690050334,0
-0.0003522066414558917,0.3358394143117795,0
0.0716281217746777,0.33067708766207904,0
0.03051404120323391,0.33948353131940495,0
-0.018090428672737465,0.3428815021071347,0
-0.0528040571923346,0.3418100287076992,0
-0.027013976384803507,0.347321966020709,0
-0.08854284389969395,0.3395216772893922,0
-0.09579265030730856,0.3401523731978753,0
-0.03212495830594579,0.35443685322472046,0
-0.12412501460590133,0.3362152084293632,0
0.07740462856152647,0.3525038462238969,0
-0.09180260444838753,0.3516220060979027,0
0.0457974036810567,0.3630375037616439,0
-0.0347946148964202,0.3667743267956067,0
-0.10901046743541436,0.35454730777088295,0
-0.06104612219728855,0.36841011467359197,0
-0.018732939190019518,0.37547283193949466,0
-0.023736156502685377,0.3777010154225497,0
-0.21513208566743516,0.31439291065427555,0
0.057341485833270214,0.37914705282702965,0
-0.04249264856474939,0.3836186756791208,0
-0.001284742073370219,0.38846905350577626,0
-0.04429881423123784,0.3884597488398929,0
0.04382075085065791,0.391036022967536,0
0.08793857867215865,0.38610214533462306,0
-0.05406507648777667,0.39481162758700816,0
-0.017743351901338474,0.4006097646022239,0
-0.08651105705997808,0.3941258251252769,0
-0.07016305410476147,0.3999066848542761,0
0.07006178449233999,0.4024686342679172,0
0.11875605958468023,0.39349798058706814,0
0.06682426198564564,0.40809894677377023,0
-0.09412283065998597,0.40525332542139986,0
-0.02146010319803913,0.4179958425525357,0
0.05272254599161043,0.41773873617815155,0
0.059539500487114365,0.419353296535919,0
-0.02095838181457192,0.4255493734866867,0
-0.034417524633539094,0.42718719946395256,0
-0.010738098332907628,0.43094393105329226,0
-0.005316769130439852,0.43355136056569016,0
-0.19244783359004744,0.39132916602123985,0
-0.03153530920288104,0.43746131987988757,0
-0.078717875198043,0.4340220481291608,0
0.033273895697337255,0.44235937060105246,0
-0.1925641191963176,0.40241509711025003,0
-0.09215817283064338,0.4390537208479739,0
0.10151177186925836,0.43955849410844444,0
0.0010571051250340574,0.4536328535234408,0
-0.04132406718587629,0.45426461580183186,0
-0.01964236152020563,0.45822581387209166,0
0.1241634116623606,0.4441232126007552,0
-0.16612743221741505,0.43287582707755873,0
-0.029242949493693632,0.46524729196426307,0
0.112154728062904,0.4550543482435965,0
0.06897272708997747,0.46610236927342025,0
-0.14477135886677273,0.4510188299326394,0
-0.040194022326323076,0.47449110653809257,0
-0.028588570553365788,0.47784230065572864,0
0.03632436949570592,0.47983004764799253,0
-0.14027522305204668,0.4629228043215018,0
0.013706902482913785,0.486022294798003,0
-0.012778206193870866,0.48855472533916494,0
0.14572241455682133,0.46911618478156936,0
0.09184829259744953,0.4851159506075874,0
0.0502486383964203,0.49368999272835046,0
0.05131613303599208,0.49609988107239755,0
0.0506472370321695,0.4986878387879358,0
-0.09903702718992112,0.49392833368685873,0
-0.10567993884485546,0.4951127883962598,0
-0.05661736552293407,0.5056118575534507,0
0.04034714583546767,0.5096837264472303,0
-0.06418702416834153,0.5097592553849024,0
0.0324565040014812,0.5152695313573974,0
-0.06988474074502402,0.5140685191864429,0
-0.13764225947644107,0.502803833874794,0
0.09093862399769025,0.5158551966385206,0
0.16270143142828208,0.5005362668783306,0
0.03663117903228338,0.5275518199408646,0
-0.028821038227448078,0.5305460698580005,0
0.013514902345215697,0.5336634830322392,0
0.09424458426805961,0.5279957083159148,0
0.056114669708604,0.5359173072395771,0
0.07502740892088132,0.5361290643984369,0
0.045417842859761026,0.5419599039541105,0
0.011650879799067624,0.5462416771365102,0
-0.06755879650851171,0.5446985216498177,0
0.20662745389238268,0.5111978933235749,0
0.034971703799890064,0.552779570784174,0
-0.19347218159175722,0.5216698522348984,0
0.0420810189814251,0.5573107895913645,0
0.13578197432914443,0.5447358581080501,0
0.06169855867116307,0.5605243273600737,0
0.013669168352657851,0.5662510788681955,0
-0.0725266983545938,0.5642804870116241,0
0.07027531767277784,0.5670908145710775,0
-0.10031087020410243,0.5651008109599174,0
0.13042330229889104,0.5614927489870497,0
0.13920827904939947,0.5619618407381115,0
0.05507636989463274,0.5788392886372956,0
0.02968448679284463,0.5832049346148775,0
0.21200085161389864,0.5468072805750086,0
-0.0035264742653872967,0.588961873595248,0
0.030403472500560212,0.590696772937986,0
0.005406446439236054,0.5939603571799844,0
0.13212940454782032,0.5816731089009569,0
0.06413720551272983,0.5955538736076137,0
0.045009477248510864,0.5998174051562191,0
0.016066026306744606,0.6037963176228405,0
-0.1757826794063509,0.5804846772635268,0
0.14863707129082102,0.5906060406320687,0
0.1559500761389989,0.5913096261320162,0
0.08983404259170634,0.60742813051593,0
-0.05192224039422467,0.6143511385065964,0
0.10193597048768828,0.6105972588943217,0
-0.05118113796472365,0.6194430746379685,0
0.05732743556883542,0.6214214644010468,0
-0.012670148601833965,0.6264382978743743,0
-0.15755595320570495,0.6090226272282762,0
0.0890355028622004,0.6252716577529145,0
0.0933432409035856,0.6271770856498101,0
-0.09930567017327457,0.6287981350328109,0
0.21829986558659473,0.6006588845027332,0
0.041979032683330225,0.6402292296476416,0
-0.042518481091245265,0.6427053959740343,0
0.2381173321866583,0.6011764197505758,0
0.07218793248131362,0.6450963656651686,0
-0.10077445140039482,0.6437895295117553,0
-0.28085076701591977,0.5907756660014258,0
0.055664764278978957,0.654277945627563,0
-0.10015510944287799,0.6514943347017701,0
-0.07903871656837828,0.656916338732382,0
0.06188909960440154,0.661270578212857,0
0.1634312241421429,0.6463239740407631,0
0.05519214053843668,0.6668929756617797,0
-0.04761023303460359,0.6699897094206598,0
0.0716480512780376,0.6703675082798687,0
-0.04125570413227004,0.6754329451626713,0
-0.10086386260611398,0.6716668799450904,0
-0.061650356637185495,0.6789108428336463,0
-0.1257238438909661,0.6725604503675559,0
0.1458969696933836,0.671039511967456,0
-0.02071182350978239,0.6889117821283043,0
-0.18694105286147641,0.6659898643970197,0
-0.07064667038116157,0.6906316680836129,0
-0.06737023659457193,0.6934770819743278,0
0.15314472426548725,0.6822716666942741,0
0.12251714843231853,0.6909766758444197,0
0.026844802073008676,0.7037488344819243,0
0.11138330559432909,0.6979349787874656,0
0.02976561015071257,0.7086483306371842,0
-0.0274685740744968,0.7112492256012073,0
0.22986861369371916,0.6762872925548583,0
-0.026431525286510413,0.7163044862287895,0
-0.07512130812289688,0.7153647707354155,0
-0.02860660871375033,0.7212374189124223,0
0.04453045149084588,0.7229406203035353,0
0.04204161743430056,0.7256001073778796,0
0.07300630128300147,0.7256600911996334,0
0.038343218266282814,0.7308244131791366,0
0.33146873240671476,0.6552691086540324,0
-0.11930557083560235,0.7271192947902247,0
0.02179816706494963,0.7390269639908196,0
0.1852040965345159,0.7183646319656255,0
0.02977990968216709,0.7437649560083823,0
0.3140138412726265,0.6776473079749905,0
-0.23350936303644693,0.7120631435032475,0
-0.004816175811542335,0.7518642740495096,0
0.04318038104104411,0.7531491477455066,0
-0.10654223040183626,0.7493561248485145,0
-0.14534958791743488,0.7453586877367961,0
0.171706730932049,0.7423042939157639,0
-0.013620930913689235,0.7642896632233227,0
-0.1555970353582287,0.7509671745473887,0
-0.04332680825429035,0.7682027080612222,0
-0.046282662317922774,0.7705410885969445,0
-0.056873153137503366,0.7723449373797019,0
-0.13733307263016645,0.7647084748696279,0
0.08058577641641719,0.775271620970105,0
0.03558500393510331,0.7811447709222179,0
-0.3079786406445765,0.7214765812470961,0
0.1455223307606759,0.7733957390001004,0
-0.17095843200597202,0.77074114499422,0
0.17618076069570895,0.7721350792213708,0
-0.007023863543946138,0.7944551667791929,0
-0.02843138278753758,0.7964851985862101,0
-0.03618911724926854,0.7986792810852742,0
-0.0698583096420287,0.7989567301796352,0
0.03298832395387882,0.8038346641110053,0
0.0710478811706849,0.8038840181757669,0
0.21871506402366567,0.7794180642986567,0
0.002025223251790321,0.8120275497054028,0
0.045260861728332206,0.8132778768443086,0
0.13720048111673094,0.8054406550729059,0
0.0075203444372245,0.819514367361424,0
0.1908181516863398,0.7996018275640272,0
0.07001060472734272,0.8215838504876222,0
0.1986551349731386,0.8028555702864315,0
0.26208591145663046,0.7870856931599279,0
0.31142472556381995,0.7716035901767857,0
-0.26726512752987897,0.7906351377929711,0
-0.14612243490725632,0.8242405448039265,0
0.2638416784965607,0.7970658977026939,0
0.06533694170416672,0.8395667682126142,0
0.10372589614477563,0.8382180939875328,0
-0.08018069221618146,0.8433146591462312,0
-0.16661810011206168,0.8331263123329239,0
0.16516806079191748,0.8359698582287673,0
-0.061788597400236685,0.8524000661224963,0
-0.09228024424871335,0.8521609202917123,0
0.3790223714035971,0.771581918086776,0
-0.22026982521035413,0.8335425111964522,0
-0.015238560843962854,0.8645273635897618,0
-0.3110785770052712,0.8094506285486258,0
-0.04034413784263997,0.8687379002919196,0
-0.013164019042714458,0.8720811016942001,0
0.04936108334147811,0.8732928122821627,0
-0.005175345240084318,0.87717771533022,0
-0.2700078325606047,0.8372374439185977,0
0.252607274738597,0.845266900630117,0
-0.24492046253215186,0.8501346362360395,0
0.16554015886264997,0.8716377202585228,0
-0.0722499398482398,0.8867859354880584,0
0.1011252890322071,0.8864812899630623,0
-0.07591415108632152,0.8915105486113676,0
0.11647635037316835,0.8896507484645197,0
-0.11895165294407417,0.8918516912895323,0
0.03784220999672312,0.9014617049138821,0
-0.2991173647770176,0.85388694005544,0
-0.043035178232882366,0.906246934617008,0
0.07807980927664682,0.9064177116245083,0
0.2680673355736877,0.8720068706104893,0
-0.0593115305267662,0.912862168186081,0
0.0708406407365813,0.9145537048633916,0
0.19912769211191725,0.8979862360466164,0
0.18712379086874437,0.9031238065496447,0
-0.2672911894957816,0.8853432729680168,0
0.24742048823337606,0.8937014734324249,0
0.006046963437729882,0.9298048984719376,0
0.023029087929795647,0.9320463680578374,0
-0.42025185705303963,0.8350501581287022,0
-0.19790405814984943,0.9162131604036772,0
0.010317209049416846,0.9397929937190619,0
0.07081951548863938,0.9396910232220225,0
0.21508600624234797,0.920055706250477,0
0.22662295433452742,0.9198635560649454,0
0.3179336616255988,0.8950866479121801,0
-0.034291937127309186,0.9517633852518737,0
0.009413784986403826,0.9548408138732677,0
-0.23434325477806037,0.9282701770438407,0
0.011607432233393318,0.9598295663106694,0
-0.1100695417696162,0.9560910175057437,0
0.0875039388161702,0.960936402755519,0
-0.07082711745734849,0.9648223480441477,0
0.04959741241221592,0.9686558922928148,0
0.3598259481763883,0.9034088154786488,0
-0.04422580751416954,0.9739337253758319,0
0.25368108467947653,0.9439501661077687,0
-0.012561667886590952,0.9798693593527756,0
-0.00922339573940292,0.9824128443196255,0
-0.3667233307240756,0.9141471106805358,0
-0.2738645120634188,0.9487321047483032,0
0.292655546625906,0.9457288763684223,0
-0.14599388896098378,0.9816846350581736,0
-0.32217745287324495,0.9413828932340887,0
-0.007227756822259868,0.997467548129049,0
0.14873264899698052,0.9888774439344549,0
0.0,-0.0,1
0.0024362814451526016,-0.0005881328925970098,1
0.004729980205548677,-0.0016591436262467453,1
0.0055140589309841895,-0.005111502941384057,1
0.009518321963272517,-0.0031469712857085334,1
0.01182325998489961,-0.004152675380186375,1
0.013714351108219797,-0.0061681282847431025,1
0.016399612651502898,-0.006232151816891618,1
0.016014285270969077,-0.012064418441780892,1
0.013583979156497561,-0.018007395264255717,1
0.023856562864479867,-0.007681221662473854,1
0.024070149401799922,-0.013441480010635184,1
0.02698903946469524,-0.013270594568422058,1
0.018140453230881794,-0.02706427677748354,1
0.029252476054425994,-0.019376291963059167,1
0.028789597413657827,-0.024175747891494813,1
0.03288303138860353,-0.022950737395769114,1
0.037858849010155834,-0.019545403092752826,1
0.031616528842896015,-0.03218009011229648,1
0.04238951297988948,-0.021695688176983603,1
0.041275510589399114,-0.028440802684244905,1
0.045600458209991375,-0.02628081645481937,1
0.038027015554787824,-0.039926532486568654,1
0.05047004593067101,-0.027849917652154343,1
0.05428130670673132,-0.02591539056072676,1
0.06060647364415394,-0.01589685785033741,1
0.061101332601543754,-0.022645786317893758,1
0.054130337143061015,-0.04060817117433687,1
0.05007266386806462,-0.04916625382684475,1
0.055929375346306494,-0.04641697003903624,1
0.06457319344756209,-0.03851666534629084,1
0.07434823930693282,-0.02255512260471659,1
0.06031199053165161,-0.052863826945877906,1
0.08128595534515923,-0.015264427848309555,1
0.07742204705400287,-0.03559617327319953,1
0.08544613617135842,-0.019840188963028006,1
0.07327101481819526,-0.052649888607181325,1
0.06284652190047257,-0.06818729281283073,1
0.08709940228003543,-0.03852257658881421,1
0.07893128330257906,-0.05765251602834349,1
0.07177349138929959,-0.06999109986811992,1
0.08792894288063695,-0.053174052927908215,1
0.08182045234004755,-0.06622496499691266,1
0.08744774457631466,-0.06298524130883858,1
0.1038607113123059,-0.03706319305351666,1
0.1062569380225307,-0.03780519104909475,1
0.09965547128688369,-0.05796689434920917,1
0.10522942045124095,-0.05293684968222725,1
0.11387068830120382,-0.038803830334530665,1
0.11337549320450135,-0.04719704544411566,1
0.10792740340602391,-0.06367962423261318,1
0.12373978838247571,-0.03203594613785981,1
0.11829673174972544,-0.05468730375410927,1
0.11331628531318023,-0.06930931404374399,1
0.12822718102395098,-0.04329270040126498,1
0.129654693158621,-0.046805955491536565,1
0.1251972773922745,-0.06343508857408114,1
0.136743634487314,-0.041344185715841475,1
0.12903117456716026,-0.06694383113290064,1
0.14430768656048473,-0.032260380395712523,1
0.15026713130789002,-0.005719487228335391,1
0.1355405181493082,-0.07072295739415937,1
0.14098769248107335,-0.06533029575840975,1
0.1364604806167249,-0.079431008757853,1
0.1162196692851303,-0.11055075791811643,1
0.11140865363938156,-0.11885659391473163,1
0.14702979080782969,-0.07578837503635845,1
0.11782622976533548,-0.11964129154679716,1
0.1703926471400059,-0.0033748314821555286,1
0.16864629285536906,-0.038262500590310014,1
0.1357797278092265,-0.1110971046196268,1
0.11785627367444051,-0.13332018873027288,1
0.17907308042556397,-0.02225851293879862,1
0.1566422050691367,-0.09453373694841091,1
0.18109732583122623,-0.04000659247293951,1
0.15833344423949666,-0.1013075173375522,1
0.16857951463889337,-0.0886686324606235,1
0.18554147118036526,-0.05307156347977818,1
0.17553046331882524,-0.08605171003437498,1
0.15188947118019624,-0.12701025000888624,1
0.1766617462159349,-0.09482288717273174,1
0.1501379265979558,-0.13664060774520176,1
0.1792816300531161,-0.10046896400900539,1
0.18521838762933024,-0.09469155262286608,1
0.15846716393024257,-0.13859829578964822,1
0.2071780840448266,-0.04959961947751207,1
0.19188372963685804,-0.0981714261764448,1
0.1872508139675792,-0.11171751821703917,1
0.20693482103839328,-0.0762947598219544,1
0.16476478686863652,-0.1503571667868186,1
0.224286174999206,-0.02397475958076499,1
0.1840850432132009,-0.13464286757859154,1
0.22691835539634636,-0.04090910871469298,1
0.21131069312372347,-0.09836330192385938,1
0.22595331906671995,-0.06668779149037798,1
0.21126175322636878,-0.10980807815160493,1
0.1871858933816643,-0.15116390088308795,1
0.19443083644402182,-0.14593847126024143,1
0.2419435753594068,-0.042303198157804256,1
0.22409102175745774,-0.10652181754411548,1
0.22035229088866706,-0.11940914409545864,1
0.24475160826656553,-0.06459783996290148,1
0.20968670788455712,-0.14622870043902908,1
0.197711844748104,-0.1659790802951358,1
0.22340155893058017,-0.13427961574874034,1
0.19781083869887475,-0.17355964293456763,1
0.26130217892826535,-0.04794389855769325,1
0.2592996074699518,-0.0684038813365142,1
0.26990544087638074,-0.020418727454414354,1
0.2565567711508353,-0.09384855559308226,1
0.22421929292021167,-0.16040653475618677,1
0.2396306797127746,-0.14131478084601512,1
0.2721309369921505,-0.06883478805903863,1
0.2469978273777664,-0.1385599360976155,1
0.23745306139493008,-0.15889838481054502,1
0.23510839052420107,-0.16671871803134536,1
0.2883602729895317,-0.037019388286787296,1
0.26619243362140355,-0.12299280091301386,1
0.2690514783437706,-0.12277240803980449,1
0.26653193535584196,-0.1338326332649694,1
0.22371589878749074,-0.20100470087123884,1
0.2983598593218695,-0.05428533019783957,1
0.2812688108006233,-0.11991551660164448,1
0.2643862042796,-0.15852679614059664,1
0.2994629587425513,-0.08309178203187734,1
0.2543230324963393,-0.18293759473984542,1
0.2988245132066866,-0.10211220297563584,1
0.2884206704658825,-0.13463169959313775,1
0.28061718126544527,-0.15546036150317036,1
0.2635847266931277,-0.18722000358418464,1
0.3054648962272207,-0.1133415601793876,1
0.26597093815510464,-0.19249417935643695,1
0.2992820045214613,-0.14098521366511996,1
0.3322545222154004,-0.026796335169703894,1
0.3218650474205977,-0.09587036822571293,1
0.23901998074839426,-0.2394731152690832,1
0.3296235220480697,-0.08676697793672285,1
0.3123884976194663,-0.1425075950672844,1
0.30816210180629383,-0.15703019834241086,1
0.31525466361444504,-0.14824574216466518,1
0.3118785809207103,-0.16076863910020414,1
0.2772348396053199,-0.21913628762497894,1
0.3303304955287391,-0.1324358697398045,1
0.30626899345744785,-0.18613701748087924,1
0.24300278410447693,-0.26683344063827835,1
0.3234943996968134,-0.16558117864243801,1
0.361308375778995,-0.057878224863551306,1
0.3354129295984738,-0.15242125403082704,1
0.27122678968405267,-0.2530278720136408,1
0.25022853668505257,-0.2771972601913532,1
0.34121185071270327,-0.15781395207196613,1
0.35945323152036585,-0.11838427482698603,1
0.32814086425626227,-0.19351560598163967,1
0.2580208270674708,-0.2836649193404215,1
0.350450288397532,-0.16172046522916153,1
0.3868612237153731,-0.03533057711547827,1
0.3703586225234656,-0.12529106964810988,1
0.3932308177440341,-0.014105085598497758,1
0.37230947857484,-0.13488407027595425,1
0.35465310917052445,-0.18171523306869902,1
0.38198005147468594,-0.12204200222358003,1
0.39863832043352015,-0.06250454788459225,1
0.33886683189334854,-0.22364588302718663,1
0.3601162641250991,-0.19288839137780012,1
0.34988883753584504,-0.21568834873955484,1
0.37703179294235867,-0.1698742460129172,1
0.3338589902577397,-0.2482489469074015,1
0.3929502282214351,-0.1441220960199955,1
0.3139603278214644,-0.28056056585663525,1
0.3902041189471544,-0.1647509787238682,1
0.36510981826906536,-0.21960497181695815,1
0.35989841793156874,-0.2326942159962489,1
0.3873804356216731,-0.1891147180021552,1
0.41966214734210516,-0.10898959753371265,1
0.3631901469428482,-0.24138683061843705,1
0.3898608158893751,-0.20093637388896363,1
0.3464373840802256,-0.2730435515619742,1
0.4059297031121997,-0.1789135015158944,1
0.366063947438995,-0.25498242443252106,1
0.41841460176506434,-0.16183485298203218,1
0.4206196826294996,-0.16308093743776064,1
0.4014535593265587,-0.2112319175008884,1
0.337444539860334,-0.3069123689537718,1
0.3480483785575737,-0.29869557252874557,1
0.33566954738618576,-0.3162086901462477,1
0.45834942742684304,-0.06996861997150934,1
0.44947138217190424,-0.12363522711447969,1
0.265570473332537,-0.38616766640437483,1
0.35058546172957705,-0.3147991260286209,1
0.4004833310916731,-0.2529621173607945,1
0.2977239968359342,-0.37164202039401983,1
0.469809724591246,-0.09181172769173972,1
0.39473129937490314,-0.2752154351393395,1
0.43106970451293175,-0.21943921895212481,1
0.37109650642733055,-0.31415431420533335,1
0.35328915155770274,-0.33769183821407134,1
0.4242989662380673,-0.24753869228383887,1
0.4585951085682958,-0.18293201137089948,1
0.474294906880457,-0.14594202920362423,1
0.4272203217108721,-0.25735429708297775,1
0.46884348583013796,-0.17731466089587797,1
0.48588332570992504,-0.13300723803747283,1
0.4216368283375337,-0.2802272429604892,1
0.45850107403147494,-0.22051222571411397,1
0.49532447766151083,-0.12672432683409712,1
0.4315994470155707,-0.27874072156398505,1
0.477848439428567,-0.1954916456858278,1
0.5033468660696179,-0.1256672265367371,1
0.4493018547381156,-0.2643575803374297,1
0.48092802247396155,-0.20756843313193057,1
0.4742331474320519,-0.2282788473030236,1
0.42360879122963335,-0.3165570375038004,1
0.4915778872838278,-0.2016456426998773,1
0.4817590731771496,-0.22997295736454662,1
0.3078485307950956,-0.4391933421070782,1
0.4358295567807491,-0.31687349808988563,1
0.5305389967834634,-0.10766549435227926,1
0.4967070743194699,-0.22150711109347085,1
0.5123660655673264,-0.18972803613609104,1
0.490421459306309,-0.24647000370236888,1
0.5007005932572688,-0.23090497342484598,1
0.5276242273606347,-0.16852581002652392,1
0.5560997926408687,-0.017998344519355614,1
0.4870860570662708,-0.2740680597317001,1
0.48462839264213803,-0.28338881542243677,1
0.4969064437315164,-0.2666049884804473,1
0.5068923709039711,-0.2527592823264848,1
0.5659358945640747,-0.05821643445157512,1
0.5453567275298996,-0.1706360219378568,1
0.5380740513086238,-0.19969354655818253,1
0.5662078968042213,-0.1081340027194139,1
0.527615341068273,-0.23833192667175748,1
0.3841423274950384,-0.4364894051607615,1
0.571219654220752,-0.12131476063209556,1
0.4524527396916666,-0.37313413341633517,1
0.5100506704786436,-0.29451118504032303,1
0.4812801615307682,-0.34382619856020347,1
0.5182191071818422,-0.29028794759019777,1
0.5069001491290633,-0.3144105977501385,1
0.5122886098912631,-0.31041645844847376,1
0.465763696839794,-0.3806191682990393,1
0.5608411583161048,-0.22424385279164494,1
0.51643790416153,-0.318047012346073,1
0.45025451511655595,-0.4100967517673803,1
0.5058643873402182,-0.3436112946703732,1
0.5411327282368588,-0.2901972766608608,1
0.5764510102857325,-0.2186949317484636,1
0.524326085274529,-0.3290928606779756,1
0.46350459287701296,-0.4141167999275307,1
0.5424200479598861,-0.3085961160780146,1
0.5247530654140188,-0.34237361762835417,1
0.624894079509465,-0.07238665802900786,1
0.5518531316853218,-0.30716459400149887,1
0.4784055676073862,-0.4161636340056983,1
0.6168977805834308,-0.1571172780458646,1
0.5675960039279938,-0.29373577101225856,1
0.5305497175092992,-0.36079454393192184,1
0.5598607684795623,-0.31848699685532017,1
0.6037665092170841,-0.2314712809391881,1
0.5489520555253165,-0.34642756721263585,1
0.6121485935998195,-0.22337087481984033,1
0.5666449706387887,-0.32681266518087243,1
0.582189344033916,-0.30370012151827835,1
0.6204305464462893,-0.22257998816689675,1
0.6160373335040629,-0.24142120565422195,1
0.540539591537626,-0.38590930053595,1
0.6291690126091167,-0.22043320534101346,1
0.5509140103345119,-0.3798501896555837,1
0.6358831673535212,-0.21634588624617584,1
0.6362897701016844,-0.22284830686645501,1
0.6421698425012461,-0.2133766386381001,1
0.607085307397106,-0.3045609067781991,1
0.5192755529441414,-0.44167137003109036,1
0.5889690349050801,-0.3482233769354206,1
0.6591743648185338,-0.1925333975010993,1
0.5980628650557417,-0.3425627426174865,1
0.65655119190442,-0.21778427200650502,1
0.6689859117085345,-0.18552871187877917,1
0.6788139524892847,-0.15703767034795268,1
0.5882781711287712,-0.37799037966266147,1
0.6803113347867755,-0.17215024246752278,1
0.5002534924208619,-0.4957111142124379,1
0.6706836571647076,-0.2229414887192436,1
0.671177050656986,-0.22932469281327253,1
0.678651621107452,-0.21462050379269565,1
0.6061226785439441,-0.3779145143909764,1
0.6337086532441338,-0.33496878261110785,1
0.49939715046195443,-0.5176798742986913,1
0.7181797582681586,-0.07224671145072188,1
0.6379275386292557,-0.3430372531566485,1
0.5979583053052018,-0.413169309774835,1
0.710832099741403,-0.16318766486506447,1
0.5974428241779662,-0.4226542288016302,1
0.6982151961537029,-0.22747453743135887,1
0.6918974683086201,-0.25340517247436867,1
0.5971550008928558,-0.43593797552121216,1
0.7047539191527957,-0.23166833031523645,1
0.6890023107756555,-0.2816894896027111,1
0.6307123027960112,-0.4000156967148847,1
0.5777496738290928,-0.47724821356584507,1
0.6596487634970406,-0.36081378986711304,1
0.44527873068060364,-0.608954050861067,1
0.6081249560137286,-0.4506327624355347,1
0.5866702252200711,-0.48218681331276353,1
0.5587652355503387,-0.5179577953400512,1
0.7412464323313013,-0.18675638041334255,1
0.5861111756192232,-0.4946067371904776,1
0.7043540736788707,-0.3096739444610722,1
0.5255026821294604,-0.5654401693567078,1
0.689741461544896,-0.3521476594693885,1
0.7705816256832135,-0.09921382229755435,1
0.7254061837566014,-0.28517717687419336,1
0.6212052232286798,-0.47492895919031064,1
0.7253191391764856,-0.2988167443861885,1
0.6981068688322536,-0.3632692080850751,1
0.7799638233349073,-0.12216845889891238,1
0.595481531235889,-0.5221436459064422,1
0.6151863049178917,-0.5027466130395212,1
0.5781651973900435,-0.5485635966969175,1
0.7466883886048968,-0.2857528592416783,1
0.6648447794783224,-0.4485459389246511,1
0.7660513570848675,-0.2457716725991255,1
0.7423536617288163,-0.31652544449866704,1
0.7583768336849313,-0.2831843504079262,1
0.6271241621696845,-0.5158566935038755,1
0.7173413132165719,-0.3858638243234285,1
0.7851574681160437,-0.22602294380115057,1
0.6683398299696497,-0.47432291275921845,1
0.7380358753813002,-0.3620465388688049,1
0.7806694460258231,-0.265436855387661,1
0.7043089673641829,-0.43357791443008864,1
0.6205614195895721,-0.5505419492446256,1
0.8160296191823129,-0.16264415354809095,1
0.766197767990654,-0.3308708960192974,1
0.8349588107920185,0.05973295541555942,1
0.7740843838313347,-0.32514588003071254,1
0.8323053656888318,-0.1280978238839635,1
0.8061985175030411,-0.25181855570038486,1
0.8334180601274068,-0.15173297198915,1
0.6978837064902983,-0.48458165029412004,1
0.7994272567714975,-0.2950290719634015,1
0.7827615527910352,-0.3430569267140544,1
0.7117830738280612,-0.47755495323878394,1
0.5841709311279354,-0.6306670576207352,1
0.8393225795978274,-0.19710281897308435,1
0.7173415085418927,-0.482763851437637,1
0.7503253371017797,-0.4347322045035201,1
0.8117733938190297,-0.31202106651540945,1
0.709482713221934,-0.5072800202735859,1
0.6216187094262964,-0.6153592711770245,1
0.6518060595316576,-0.5870403642238851,1
0.5131092689063501,-0.7145555578860284,1
0.7050159081893678,-0.5303198447650492,1
0.5653686365699065,-0.6804948475030734,1
0.7755028796993992,-0.43098856498947324,1
0.8139443258238013,-0.359310427968272,1
0.8744710932422024,-0.17713189611193622,1
0.8382085611935179,-0.3129863009180927,1
0.809753358279191,-0.3864514111700273,1
0.7213576040226825,-0.5377658803910692,1
0.5748157098643808,-0.6954510320481141,1
0.7980942988439627,-0.4261919690247031,1
0.7464747506771066,-0.5156655695989515,1
0.8960364691239913,-0.15750609690770254,1
0.7539654079465106,-0.513607089528101,1
0.8420670384923425,-0.35743292859438136,1
0.7611980142788395,-0.5118637108813993,1
0.8697698712596829,-0.29921812937036907,1
0.8764376540278055,-0.2872367693524742,1
0.7812177633779632,-0.4949506007214485,1
0.8674234826498909,-0.3278654043360841,1
0.8208858718156398,-0.43671512504458154,1
0.8672604632038757,-0.34219886040734077,1
0.8527602185323612,-0.38304098949843324,1
0.8044589048465193,-0.48110128033732363,1
0.8039601863340923,-0.48679085307312175,1
0.9268001676801693,-0.17051707271152508,1
0.8673260348858735,-0.37484669118787184,1
0.8715387497628745,-0.371385423609384,1
0.7102568116929358,-0.6307116471963311,1
0.8728971329889761,-0.3808937826713317,1
0.8006047135114203,-0.5204245304453196,1
0.929756280861048,-0.22837587624004946,1
0.8603058541178679,-0.4257714953090525,1
0.9317084511728161,-0.2411321210326271,1
0.924178612296407,-0.2773979127948667,1
0.8643990822049095,-0.43441094661167284,1
0.8166898107862743,-0.5232321606605009,1
0.9266690214632579,-0.2947994666309634,1
0.9024092907003802,-0.36899904543557205,1
0.895755228553794,-0.39117589309360584,1
0.9792622261198025,-0.03670489604127451,1
0.9216878617692632,-0.34016400923722967,1
0.9174265355285522,-0.35844036208414015,1
0.7656975575776478,-0.6235395960702932,1
0.8508978429360208,-0.5059873886321805,1
0.8364692202137923,-0.5341705551209107,1
0.5439554475744438,-0.8331341631860752,1
0.8223065912016663,-0.5646287453766006,1
0.7823600396336117,-0.6228264352004446,1
-0.0,-0.0,2
-0.0018363587787448364,-0.0017056242303262897,2
-0.003955143273673656,-0.0030793362924681576,2
-0.006007447353322785,-0.004521380819086073,2
-0.00832140104252172,-0.005590721416696457,2
-0.010551455557855366,-0.006760249632545936,2
-0.013179009421849137,-0.007241750031269318,2
-0.01384901122484007,-0.010769953550613536,2
-0.013470671462752538,-0.014850876587627562,2
-0.01746978789461002,-0.014268752042299868,2
-0.022116399622671114,-0.011789895065913455,2
-0.02637971019940856,-0.008009766968925783,2
-0.02181597517125654,-0.020702177633124205,2
-0.026705412428317594,-0.01866472790970992,2
-0.03000991404725585,-0.01818111944927467,2
-0.031275434012575515,-0.020860367510632312,2
-0.03646350269558682,-0.016686613541470083,2
-0.024482754449394867,-0.03486990055911553,2
-0.04426332622457007,-0.008713268459452247,2
-0.03874672353070121,-0.027681494030859847,2
-0.048150312763709235,-0.013931777076049184,2
-0.04940040977890903,-0.018157164320701174,2
-0.04847755361011987,-0.02626992014420774,2
-0.03303056872349577,-0.04724219490326674,2
-0.04522262710437142,-0.03966083362064155,2
-0.03954493568709867,-0.04860095470869465,2
-0.05595389936716312,-0.033397090131470436,2
-0.06208831689975923,-0.026910181528573277,2
-0.05534173871777805,-0.04314955547746809,2
-0.0612054634148356,-0.039198486991311864,2
-0.06429947322638967,-0.038971894542390875,2
-0.056297351685298355,-0.05354439687751262,2
-0.05892175313490082,-0.05440907469130095,2
-0.05933239933206049,-0.057620097912207485,2
-0.08410496745738029,-0.013697276032879012,2
-0.07399543657508224,-0.04710998461861313,2
-0.06295154780137836,-0.06463555532559123,2
-0.06591793212120105,-0.06522283680578472,2
-0.06278181345018048,-0.07161521266104873,2
-0.08673870572060782,-0.045059483109598536,2
-0.06831868948680045,-0.0733671915352165,2
-0.08673685156898626,-0.05509716399948319,2
-0.08349624433541712,-0.06409921678033688,2
-0.09379928225768044,-0.053065462422945034,2
-0.08120161287241734,-0.0746125036474347,2
-0.09110854811191016,-0.06647557302590357,2
-0.06975758565614026,-0.0917891771470337,2
-0.07001940276618042,-0.09472499257878131,2
-0.09724269765970565,-0.07082463310659672,2
-0.08100546638960449,-0.09230210167174152,2
-0.10504480142343098,-0.068330144462641,2
-0.11780681677578664,-0.04959224732802455,2
-0.1070382393463011,-0.07434805479771928,2
-0.12481088394036198,-0.04545992499353567,2
-0.12178164911677608,-0.05903979843953745,2
-0.12200844182799242,-0.06414886632074841,2
-0.11650485916881534,-0.07826229308481922,2
-0.13425005628628178,-0.04883733871164861,2
-0.12136322564776401,-0.08000929944263487,2
-0.11796885713829922,-0.08915598291308736,2
-0.11992582700664672,-0.09072331179156543,2
-0.13964807341375338,-0.06222044964950005,2
-0.1048961707288113,-0.11464017769286242,2
-0.12817949076896484,-0.09219959906987954,2
-0.1436312741322207,-0.0714040523791886,2
-0.0848901745846202,-0.13904113161846682,2
-0.13916688666591684,-0.08941037317538574,2
-0.1249881362836751,-0.11213841826971167,2
-0.13928211437898366,-0.09821169126448855,2
-0.08334557033367765,-0.15152262851150772,2
-0.1573075745777422,-0.07767256992838602,2
-0.13567274474724997,-0.11514026359292284,2
-0.1465935272730778,-0.1052280727419473,2
-0.15286286075622257,-0.10053036174100106,2
-0.1573075842874547,-0.09823997551996087,2
-0.11633687679992745,-0.14764289258301175,2
-0.17405808476035467,-0.07736253788416705,2
-0.17554431016285618,-0.0801649770623643,2
-0.1660771780042091,-0.1031223123233757,2
-0.18095813415665465,-0.08035028777335912,2
-0.14120475936704133,-0.14234454130711144,2
-0.19074290073749484,-0.06949243488580209,2
-0.1722435502785221,-0.11210742611885902,2
-0.19739957574535583,-0.06561820440770512,2
-0.18578882677460007,-0.09901434989741052,2
-0.15959343676831764,-0.1411127765345018,2
-0.19294899306803984,-0.09606081766723354,2
-0.19771079610832568,-0.09194624685275354,2
-0.1643669529923039,-0.14705922377908612,2
-0.17048377955432703,-0.14384016652137896,2
-0.19187369125345488,-0.11858989837884086,2
-0.18935929918533445,-0.1271182942641663,2
-0.22811715546793873,-0.03358658322648159,2
-0.1596937773271879,-0.1697805809766455,2
-0.22044352401789552,-0.08310725990972515,2
-0.23318926460421266,-0.04808439743799033,2
-0.20778387649458507,-0.1213051700471454,2
-0.2186200960504064,-0.10633269091398637,2
-0.22961585732735665,-0.08719410700210425,2
-0.19578410120431047,-0.15242135467454535,2
-0.20751078809215512,-0.14054518354915777,2
-0.19898015126091145,-0.15647086016612735,2
-0.17577751414429213,-0.1856168468022342,2
-0.22719038313372214,-0.12257062641950586,2
-0.22135487100045464,-0.13762736945322657,2
-0.2291299630228447,-0.12942773121505563,2
-0.21445160134590774,-0.1568054743997972,2
-0.1749609641616754,-0.20323395000734484,2
-0.2124865369732095,-0.1676763043803864,2
-0.2644727225525932,-0.06843323195545432,2
-0.20319708142490686,-0.186320943027152,2
-0.2317854463954973,-0.15384484646683394,2
-0.1750574288512423,-0.21942737185536085,2
-0.25650155054547424,-0.12005722464091732,2
-0.19761564676374804,-0.20635093703535742,2
-0.28005668644058157,-0.06811269057097413,2
-0.2630825535197537,-0.12373217924715917,2
-0.2574081581143083,-0.14045170319334993,2
-0.2629173847951405,-0.13541126595429473,2
-0.25465961411413296,-0.1552382917659409,2
-0.2433346616096082,-0.17674822658790235,2
-0.24169552629520977,-0.183163247673041,2
-0.2515618310930043,-0.17380598432784441,2
-0.24616757450098725,-0.18555951975653953,2
-0.2496381640776841,-0.18510293065210842,2
-0.21374986485331735,-0.2290357258213717,2
-0.24707418942390894,-0.19666554505115796,2
-0.2860504663346328,-0.13959694981289952,2
-0.2813947517143941,-0.15404843435638893,2
-0.19960108807981533,-0.2543376565224008,2
-0.251266731279488,-0.20741297414367788,2
-0.2556617921471551,-0.20598931298812442,2
-0.24488323068104187,-0.22243819823447397,2
-0.252327539957244,-0.21781167023425654,2
-0.2211228490957285,-0.2527704924681381,2
-0.15256006068701228,-0.3019989271782559,2
-0.29204276361094783,-0.17575892287484607,2
-0.253899592213484,-0.2311492703225233,2
-0.26040064077772496,-0.22762660315455163,2
-0.29909598295400475,-0.17861661731593448,2
-0.1889583450817968,-0.2956510584780585,2
-0.3198022350052172,-0.15035424613462958,2
-0.25076466186658103,-0.25253629487449936,2
-0.3092022317223755,-0.18122269595174276,2
-0.33687869390862385,-0.12947271417487302,2
-0.30370909734285034,-0.19956587270125034,2
-0.19274918069739572,-0.3110327710417248,2
-0.2836910739093721,-0.23506051690215396,2
-0.32904297525341997,-0.17122440215823787,2
-0.292993126212358,-0.23153330132282207,2
-0.26936422154187817,-0.2622473768953637,2
-0.2602537984832564,-0.27475338496874185,2
-0.3340630736695266,-0.183102647069223,2
-0.3421854450399905,-0.17305968585367645,2
-0.2951532228911607,-0.24870361583380854,2
-0.3553692007278207,-0.15691586047286182,2
-0.2743121394138552,-0.2785968621166435,2
-0.31497101590739673,-0.23584462809579781,2
-0.2628178490888608,-0.2962006726042036,2
-0.34818332713388067,-0.19382369431912236,2
-0.25876548367805285,-0.30633875773105723,2
-0.35196909471771626,-0.19732482202679533,2
-0.28104611414939407,-0.2930209761671863,2
-0.36820048713363623,-0.17696908343065618,2
-0.1979709667412134,-0.3602098815159437,2
-0.33936410142457984,-0.23630962530560243,2
-0.3387692452942973,-0.2415052037933833,2
-0.3354467388508192,-0.25031289582205907,2
-0.4002441943185035,-0.1307283575735915,2
-0.32245648787285414,-0.2746342164816711,2
-0.31797616883314034,-0.2835889262601683,2
-0.40386668188360336,-0.14340562280497718,2
-0.37359266935373514,-0.2150732337428874,2
-0.33996101045506544,-0.2691125445844514,2
-0.36213414196496685,-0.2429682037956385,2
-0.41301285923507197,-0.14760508197228583,2
-0.4405409067619253,-0.02225649584518874,2
-0.3316336291115766,-0.29463214511611224,2
-0.31612050457496677,-0.31478036306506485,2
-0.3139911115049186,-0.3204229712518113,2
-0.39584039743521243,-0.21639475346979375,2
-0.3850879859024373,-0.23977307267637277,2
-0.3930742898189591,-0.23142303770733302,2
-0.2929572330237888,-0.35289202099775047,2
-0.4486807146570906,-0.10652510061602795,2
-0.4532749868214765,-0.09757864379679945,2
-0.4278285430475082,-0.18512949664766387,2
-0.3835987839852543,-0.26926774000481835,2
-0.40054918932552647,-0.24813101913140137,2
-0.41250411468422366,-0.23284562841188125,2
-0.3594836271793339,-0.31229615976585773,2
-0.3965014440273366,-0.2682110652946321,2
-0.3695866882110108,-0.3081590731137937,2
-0.3945740704105663,-0.27979629004477946,2
-0.33882595883975886,-0.3487155285224779,2
-0.45309233079063144,-0.18318390208605406,2
-0.44052380459964774,-0.21735637673953104,2
-0.45309453927712734,-0.19616047732460679,2
-0.3736370222790016,-0.32657328452170387,2
-0.38286816244485666,-0.3196254177876244,2
-0.40301333506516795,-0.2980519332828184,2
-0.39988873976851325,-0.30636991918209655,2
-0.4815869744249412,-0.15613746754703986,2
-0.368391552019207,-0.35090816601824526,2
-0.4892558032779024,-0.14843905194084894,2
-0.43220007553314,-0.2778085082053923,2
-0.4271161217345595,-0.2900481566080003,2
-0.42828829131336865,-0.29277885670146414,2
-0.42005250374160075,-0.3087280049710163,2
-0.49782339210572923,-0.1629364523546078,2
-0.3992076860207559,-0.34298911596617904,2
-0.5208196857313506,-0.09164944601529657,2
-0.40625152698229894,-0.34244631887469423,2
-0.4091596141641795,-0.3428815769978339,2
-0.4125035855687058,-0.3427860871693094,2
-0.4176333771603438,-0.3404975457137259,2
-0.4720905748912515,-0.2649414555726832,2
-0.44770138518364694,-0.3087827515400212,2
-0.5097071331658564,-0.19675962807660433,2
-0.4217553104136029,-0.351259346653012,2
-0.38507624194874673,-0.39463208020527174,2
-0.4819703207428527,-0.27293384521900993,2
-0.47350392809865127,-0.2921728082074064,2
-0.5069202658661555,-0.23536773867217123,2
-0.4540042500401957,-0.3302333123821304,2
-0.43415666570440786,-0.3598641734446388,2
-0.4593873873778064,-0.3313462823105791,2
-0.42044122311868043,-0.3832776642315099,2
-0.4708714774821454,-0.3237447512140998,2
-0.5262410478334942,-0.2290667081960329,2
-0.3123888251332365,-0.4844559493694531,2
-0.4877618532437187,-0.31187887059227837,2
-0.39757205836695325,-0.4242932794621719,2
-0.5152530922709755,-0.2748152386977398,2
-0.3660944710115114,-0.45816743824682266,2
-0.35189538271732307,-0.4722903388719677,2
-0.5474615296614791,-0.2239038236389817,2
-0.5354921394025658,-0.25703366355895496,2
-0.5230251329740705,-0.2867864980122355,2
-0.4552648009043177,-0.38927106051897525,2
-0.4694384088688526,-0.37607758886857917,2
-0.383084234997971,-0.4669845599933795,2
-0.43765688633535715,-0.41990291825641923,2
-0.5251247584094274,-0.30846792750372254,2
-0.5581298848342672,-0.24991704995664485,2
-0.5662678608265764,-0.2374443066180767,2
-0.4734251113647301,-0.39495810456452174,2
-0.472743025498721,-0.39966734478919064,2
-0.29701310343316234,-0.5459967472332647,2
-0.500334266908088,-0.372983501839943,2
-0.5861114900046996,-0.22149220075164458,2
-0.2633108071517683,-0.5713141497492201,2
-0.5468161289542074,-0.31604443971463636,2
-0.5180637392627355,-0.36561457772863276,2
-0.4746345890849744,-0.4242295576612287,2
-0.43833129891599576,-0.4650931081383696,2
-0.6042488523200311,-0.21572906653987498,2
-0.3663062440387712,-0.5298091947358549,2
-0.6208552671643761,-0.18069778301369108,2
-0.40895523293360814,-0.5040992323407701,2
-0.509587838467501,-0.4061288997966507,2
-0.5715614354456958,-0.3181360815501982,2
-0.5893185743954588,-0.28962357291726554,2
-0.5526355598360065,-0.3592629289263791,2
-0.5619480259093157,-0.3492858585556495,2
-0.34812237000735974,-0.5656145805760923,2
-0.5588435959509859,-0.3635082938655122,2
-0.47833379375942947,-0.4679628138131803,2
-0.5682192948819891,-0.3581616645357299,2
-0.4305762459998024,-0.5187775397894725,2
-0.5761850176678565,-0.3548556353641032,2
-0.5779897330179253,-0.3567040578979511,2
-0.6605005037801791,-0.16870027710917887,2
-0.49959438464608796,-0.4674927755072011,2
-0.5233415276780161,-0.4446274820508444,2
-0.6000483630086568,-0.33907283176174363,2
-0.38261437605595927,-0.5762774470338284,2
-0.625465436332655,-0.301257433018838,2
-0.5785601619156165,-0.38822332625257416,2
-0.594993086636651,-0.36732977091263036,2
-0.5904148825147161,-0.37930131126338723,2
-0.5642278387975919,-0.42146175551146353,2
-0.5809361564591562,-0.40253280300944727,2
-0.6651860887952391,-0.2461623759549872,2
-0.606900788040092,-0.3718889847203311,2
-0.545092151265084,-0.46160440667508323,2
-0.6667151473751316,-0.26321408545330166,2
-0.6605808351614576,-0.2846452640758668,2
-0.6037569763037991,-0.3955746024026926,2
-0.5864394011778395,-0.4251057872353845,2
-0.6420029958102362,-0.3407274083398109,2
-0.6592709387149575,-0.3118883090992405,2
-0.6643826728320968,-0.3068716170096611,2
-0.6073580413984603,-0.4127533583972282,2
-0.5811597227559054,-0.452978658145085,2
-0.4614468685145777,-0.5776701490738201,2
-0.5188261097942578,-0.5302525526841257,2
-0.62768035983709,-0.40011313235335083,2
-0.6070860831970141,-0.435036842238735,2
-0.7110464727728961,-0.23658710133613914,2
-0.5815489232976974,-0.4765752112235095,2
-0.5766602007023793,-0.48637557194263387,2
-0.6333450849351785,-0.4144392019288619,2
-0.6622327713776616,-0.3716636014004448,2
-0.7611545196823218,-0.033803304281178066,2
-0.5881408923645809,-0.4882770830149313,2
-0.6317112493409512,-0.43485978443177825,2
-0.7157720826530516,-0.2822816655055947,2
-0.5648506084672631,-0.5261363360969872,2
-0.5735678755861777,-0.5203567525644465,2
-0.6696831260198213,-0.3939085364647424,2
-0.6173037591691815,-0.4758951802212839,2
-0.6513166888653041,-0.4327123946106955,2
-0.7037158197545127,-0.34664585012446497,2
-0.5923946539199981,-0.5180601237892535,2
-0.5582019479950158,-0.5582824404506304,2
-0.7573449052474293,-0.2316483013088455,2
-0.5885507226211928,-0.5336819217317662,2
-0.7018175510577606,-0.37768921102066694,2
-0.6838589712799389,-0.4141680258567959,2
-0.6476512312181685,-0.4730326868483473,2
-0.7373164793659598,-0.3218738976666561,2
-0.5703312597317394,-0.5709637206251094,2
-0.5482889145666006,-0.5955737270475588,2
-0.754043763338824,-0.3013483797527436,2
-0.4611922967700237,-0.6713949031447648,2
-0.4839539751886056,-0.6582910988021035,2
-0.7952312553895636,-0.19816055193652482,2
-0.6694315649387474,-0.477112177082479,2
-0.6629695439535663,-0.490278382091599,2
-0.5140627762468555,-0.6479046160265587,2
-0.7963019138190625,-0.2325858452468583,2
-0.7993905493995339,-0.23093767470232496,2
-0.7418633513664591,-0.38232621856968996,2
-0.7776995426239265,-0.30968962379200615,2
-0.5425895353290735,-0.6407207447428745,2
-0.7363579873932931,-0.4085562245766499,2
-0.809689228122821,-0.24035804226403465,2
-0.6399754060769768,-0.5550135469984483,2
-0.8065960988662463,-0.26695276151439634,2
-0.7630134074722976,-0.37938981561225565,2
-0.6185854227687301,-0.5897082144860762,2
-0.8188836163554978,-0.25322618430083854,2
-0.6783286595050232,-0.5280784449653224,2
-0.7284812955769152,-0.46111486189936096,2
-0.769409072424103,-0.39452434069844255,2
-0.72664110076628,-0.4732577646553291,2
-0.6148167593193863,-0.6150882386470148,2
-0.5918453187272573,-0.6406386329516492,2
-0.8186122566598675,-0.3081409187020971,2
-0.7305984460768128,-0.4854826866742468,2
-0.710549680786602,-0.518642379947378,2
-0.6355199210537148,-0.6118831575518199,2
-0.6518867318693271,-0.5981292682254181,2
-0.8477281078234624,-0.2617497178218126,2
-0.7443924330749294,-0.4873286927406305,2
-0.7873477690697951,-0.4197128686104812,2
-0.8127577809185433,-0.3741374161679952,2
-0.8319336248674545,-0.33605302893238564,2
-0.47896550507235935,-0.7616698628309424,2
-0.5936127441176182,-0.6794771138933453,2
-0.7564469107292009,-0.4963689913326962,2
-0.7901180468576109,-0.44592488728279545,2
-0.8341010312720323,-0.36326986414265083,2
-0.7043122984512032,-0.5798277891269596,2
-0.7685136651856188,-0.49620755957742824,2
-0.684811649376331,-0.6102949125937344,2
-0.6776231921815377,-0.6219790408950217,2
-0.7745207714059593,-0.5007649126351881,2
-0.8176168423330281,-0.43218050639189914,2
-0.6250718243539598,-0.6849849896251317,2
-0.6369456456932813,-0.6774023615412014,2
-0.743738931243457,-0.5622216406841027,2
-0.8818716283985446,-0.31019803508887395,2
-0.763921714732797,-0.5431723347969558,2
-0.8293867011262618,-0.4420803273624634,2
-0.8354403068199641,-0.43597490367985803,2
-0.7478473491183643,-0.5774849219693815,2
-0.7058460197067404,-0.6318926504335273,2
-0.7876196890911085,-0.5309587044407025,2
-0.7883583979825355,-0.534341196978541,2
-0.9318451174625746,-0.2085048590491242,2
-0.6890184699372228,-0.6647223711703605,2
-0.8334237131612485,-0.4762482999315562,2
-0.7842274904699335,-0.557864303367559,2
-0.7696502228221801,-0.5819744358292979,2
-0.6943453968449383,-0.6736342581349204,2
-0.8732923190565453,-0.4220363331141266,2
-0.8737894586336177,-0.4267483835310237,2
-0.7597288249847806,-0.6109950375919362,2
-0.8999521950115779,-0.3814210999838407,2
-0.6696374391753614,-0.7154631066331625,2
-0.9531092154921735,-0.23833357098200825,2
-0.7462892715904897,-0.6428088863510427,2
-0.7584396543943939,-0.63234774308919,2
-0.867738030620874,-0.47653025799228504,2
-0.763042653006789,-0.6346533290038056,2
-0.9338099918231397,-0.34350976985370196,2
-0.8736802931717521,-0.48132784602865,2
-0.7503906648687237,-0.6609945915647683,2
